<?xml version="1.0" encoding="UTF-8"?>
<data>
<row>
  <DDM>2022-10-21</DDM>
  <NDM>1</NDM>
  <PR>1</PR>
</row>
<row>
  <DDM>2022-10-21</DDM>
  <NDM>2</NDM>
  <PR>1</PR>
</row>
<row>
  <DDM>2014-01-05</DDM>
  <NDM>3</NDM>
  <PR>1</PR>
</row>
<row>
  <DDM>2014-01-05</DDM>
  <NDM>4</NDM>
  <PR>1</PR>
</row>
<row>
  <DDM>2014-01-05</DDM>
  <NDM>5</NDM>
  <PR>2</PR>
</row>
<row>
  <DDM>2022-10-22</DDM>
  <NDM>6</NDM>
  <PR>2</PR>
</row>
<row>
  <DDM>2022-10-22</DDM>
  <NDM>7</NDM>
  <PR>2</PR>
</row>
<row>
  <DDM>2022-10-22</DDM>
  <NDM>8</NDM>
  <PR>1</PR>
</row>
<row>
  <DDM>2022-10-22</DDM>
  <NDM>9</NDM>
  <PR>2</PR>
</row>
<row>
  <DDM>2022-10-22</DDM>
  <NDM>10</NDM>
  <PR>1</PR>
</row>
</data>
