<?xml version="1.0" encoding="UTF-8"?>
<data>
<row>
  <KTOV>101       </KTOV>
  <KOL>110.00</KOL>
  <CENA>80.00</CENA>
  <DmzId>1</DmzId>
</row>
<row>
  <KTOV>101       </KTOV>
  <KOL>100.00</KOL>
  <CENA>80.00</CENA>
  <DmzId>3</DmzId>
</row>
<row>
  <KTOV>102       </KTOV>
  <KOL>80.00</KOL>
  <CENA>90.00</CENA>
  <DmzId>4</DmzId>
</row>
<row>
  <KTOV>103       </KTOV>
  <KOL>70.00</KOL>
  <CENA>60.00</CENA>
  <DmzId>3</DmzId>
</row>
<row>
  <KTOV>103       </KTOV>
  <KOL>70.00</KOL>
  <CENA>60.00</CENA>
  <DmzId>2</DmzId>
</row>
<row>
  <KTOV>102       </KTOV>
  <KOL>110.00</KOL>
  <CENA>90.00</CENA>
  <DmzId>10</DmzId>
</row>
<row>
  <KTOV>103       </KTOV>
  <KOL>70.00</KOL>
  <CENA>60.00</CENA>
  <DmzId>1</DmzId>
</row>
</data>
